,0,1,2,3,4,5
0,0.0,0.19106564,0.47539604,0.7373871,0.80004,0.9637387
1,0.9166667,0.8681613,0.00062151236,0.0,0.80004,0.113224685
2,0.9166667,0.8353168,0.0028053354,0.8686936,0.60008,0.9820415
3,1.0,0.8105667,0.007858011,0.81430465,0.40012,0.9761929
4,0.9166667,0.8550927,0.0007250243,0.81430465,0.80004,0.980159
5,0.9166667,0.8416636,0.001877844,0.8686936,1.0,0.98499227
6,1.0,0.79059005,0.024621926,0.0,1.0,0.8995626
7,0.0,0.6461395,0.3441145,0.0,0.80004,0.8957704
8,0.0,0.52072495,0.3362016,0.6060807,0.20015997,0.95942426
9,0.8333333,0.90713537,1.6875543e-05,0.81430465,0.00019996,0.9803288
10,0.9166667,0.8928183,4.360339e-05,0.0,0.00019996,0.1835736
11,0.0,0.2240649,0.47369346,0.0,1.0,0.87695444
12,0.0,0.072625756,0.5073305,0.0,1.0,0.9042283
13,0.0,0.57976514,0.36593264,0.0,0.60008,0.9053769
14,0.0,0.7093731,0.058950406,0.0,0.60008,0.90274537
15,0.0,0.6351252,0.17091456,0.0,0.60008,0.8967755
16,0.0,0.6397498,0.12587562,0.0,0.60008,0.8995264
17,0.0,0.509283,0.40967774,0.0,0.80004,0.90193224
18,0.0,0.42331043,0.42028397,0.0,0.00019996,0.90387785
19,0.0,0.7308719,0.11377038,0.2343585,0.20015997,0.93031275
20,0.4166667,0.862566,0.0014174427,0.0,0.20015997,0.89055914
21,0.0,0.3943205,0.35433686,0.0,0.60008,0.88211167
22,0.0,0.35472313,0.42641035,0.0,0.60008,0.8981882
23,0.0,0.1503658,0.4822904,0.6286093,0.40012,0.96738833
24,0.75,0.809777,0.016922846,0.5847726,0.00019996,0.9658252
25,0.75,0.6884542,0.22568563,0.7373871,0.40012,0.9592104
26,0.9166667,0.8354638,0.009772575,0.5847726,0.60008,0.9715901
27,0.75,0.80975467,0.006863578,0.0,0.20015997,0.90089333
28,0.0,0.46869883,0.4256094,0.0,0.60008,0.8907989
29,0.0,0.36101866,0.42505014,0.0,0.60008,0.8925245
30,0.0,0.2677424,0.434931,0.0,1.0,0.9045868
31,0.0,0.26354313,0.46331465,0.0,1.0,0.8974971
32,0.0,0.6065956,0.18075067,0.4586097,0.00019996,0.9496453
33,0.6666666,0.8989171,0.0001021317,0.41277978,0.40012,0.93750185
34,0.5833334,0.86438996,0.0034189192,0.34346783,0.20015997,0.9278674
35,0.5,0.8761627,0.00088659197,0.0,0.40012,0.89755535
36,0.0,0.7677159,0.10707317,0.41277978,0.20015997,0.9271141
37,0.5833334,0.8754652,0.0004703922,0.41277978,0.20015997,0.9421517
38,0.5833334,0.89098006,8.210717e-05,0.7063899,0.60008,0.9659518
39,0.8333333,0.8169996,0.0046850415,0.7373871,0.60008,0.9700617
40,0.9166667,0.7690733,0.041631095,0.5847726,0.60008,0.9596648
41,0.75,0.7853986,0.031093754,0.7373871,0.60008,0.9994749
42,0.9166667,0.8654764,0.0005843238,0.81430465,0.40012,0.9820978
43,0.9166667,0.7631094,0.024333827,0.6286093,0.60008,0.96682864
44,0.75,0.60587126,0.36924416,0.81430465,0.40012,0.9816662
45,0.9166667,0.86037195,0.00077820866,0.7063899,0.40012,0.9851831
46,0.8333333,0.5674603,0.2237109,0.8686936,0.40012,0.9861989
47,1.0,0.83894926,0.004900387,0.8686936,0.60008,0.9934403
48,1.0,0.8587804,0.0005367367,0.8686936,0.60008,0.9934979
49,1.0,0.86712337,0.00026846447,0.81430465,0.20015997,0.9696757
50,0.9166667,0.81159836,0.005644491,0.7063899,0.40012,0.9554659
51,0.8333333,0.7890983,0.086209275,0.5847726,0.40012,0.9624423
52,0.75,0.83831066,0.0024907268,0.6060807,0.80004,0.973889
53,0.8333333,0.86374706,0.0034950413,0.7063899,0.80004,0.9986628
54,0.8333333,0.8148407,0.006482505,0.8686936,0.80004,0.9819976
55,1.0,0.68120176,0.27268118,0.0,0.80004,0.9009687
56,0.0,0.6018846,0.18371673,0.0,0.80004,0.889777
57,0.0,0.5893099,0.17898974,0.0,0.80004,0.8901784
58,0.0,0.7601486,0.058206603,0.0,0.60008,0.8982858
59,0.0,0.6070687,0.2673609,0.29289323,0.40012,0.9229697
60,0.5,0.87716556,0.00030273647,0.34346783,0.60008,0.93141145
61,0.5,0.8619963,0.00040507957,0.34346783,0.60008,0.9373506
62,0.5,0.84229565,0.0015028549,0.41277978,0.80004,0.93151885
63,0.5833334,0.8437516,0.0012692264,0.44291398,0.80004,0.93917334
64,0.5833334,0.75838536,0.107482255,0.0,0.80004,0.8965135
65,0.0,0.037974656,0.514055,0.5847726,1.0,0.9649273
66,0.75,0.7753373,0.06413794,0.47477427,0.60008,0.9515441
67,0.75,0.79748124,0.02234986,0.47477427,0.40012,0.9649354
68,0.75,0.8443344,0.0027590094,0.7063899,0.60008,0.96052676
69,0.8333333,0.59263325,0.41086152,0.6060807,0.80004,0.9541148
70,0.8333333,0.84295774,0.0015455126,0.5847726,0.60008,0.98143333
71,0.75,0.6401617,0.15899739,0.7373871,0.60008,0.99839675
72,0.9166667,0.6738613,0.1473577,0.7063899,0.80004,0.97744197
73,0.8333333,0.6527977,0.14021784,0.8686936,1.0,0.9985807
74,1.0,0.8392814,0.0038591118,0.8686936,0.80004,0.99915427
75,1.0,0.86208725,0.00080990995,0.7063899,0.40012,0.98842347
76,0.8333333,0.824116,0.0035739823,0.0,0.40012,0.6768953
77,0.75,0.87875944,0.0007813069,0.7063899,0.60008,0.967574
78,0.8333333,0.86332613,0.003304463,0.6060807,0.80004,0.9602267
79,0.8333333,0.83434224,0.0020700418,0.7063899,0.20015997,0.95820355
80,0.8333333,0.83479154,0.0020071988,0.6286093,0.40012,0.95728874
81,0.75,0.8004969,0.0466413,0.52656794,0.40012,0.94880605
82,0.6666666,0.6162248,0.38864732,0.0,0.40012,0.9040221
83,0.0,0.69486076,0.4093252,0.0,0.20015997,0.90565586
84,0.0,0.24799205,0.44136915,0.0,0.60008,0.9070708
85,0.0,0.41385368,0.3674342,0.6060807,0.40012,0.96095407
86,0.8333333,0.81764215,0.0045475764,0.5847726,0.40012,0.95555514
87,0.75,0.85648775,0.0029032193,0.6060807,0.40012,0.9557804
88,0.8333333,0.8663389,0.00094213785,0.81430465,0.40012,0.98031586
89,0.9166667,0.8363702,0.0060463124,0.81430465,0.40012,0.9752598
90,0.9166667,0.75012714,0.06763699,0.7063899,0.60008,0.96558684
91,0.8333333,0.7144935,0.09226584,0.6286093,0.40012,0.95510983
92,0.75,0.7327501,0.09546803,0.81430465,0.60008,0.98682857
93,0.9166667,0.8412845,0.0047977134,0.7063899,0.60008,0.9934856
94,0.8333333,0.80008817,0.028617257,0.0,1.0,0.89050984
95,0.0,0.6461395,0.3441145,0.7373871,0.60008,0.96340525
96,0.9166667,0.81972986,0.02211229,0.7063899,0.60008,0.97862184
97,0.8333333,0.79787624,0.042816944,0.7063899,0.60008,0.973942
98,0.8333333,0.6191981,0.4102904,0.6060807,0.20015997,0.96243304
99,0.8333333,0.88765806,0.00026053778,0.5847726,0.20015997,0.9557377
100,0.75,0.8696627,0.0014087461,0.5847726,0.60008,0.9544145
101,0.75,0.8739439,0.001612162,0.5847726,0.80004,0.95583445
102,0.75,0.8014543,0.07170089,0.7373871,0.80004,0.9734814
103,0.9166667,0.8125474,0.009059152,0.81430465,0.20015997,0.97867805
104,0.9166667,0.5590413,0.22906569,0.0,0.60008,0.9023662
105,0.0,0.3077487,0.42951223,0.5847726,0.60008,0.96639377
106,0.75,0.7159558,0.18269011,0.0,0.40012,0.91099054
107,0.0,0.40465134,0.36620265,0.0,0.60008,0.89518285
108,0.0,0.7127913,0.37557098,0.7063899,0.60008,0.9702321
109,0.8333333,0.81365776,0.006354671,0.7063899,0.40012,0.9823856
110,0.8333333,0.667149,0.19313839,0.7063899,0.40012,0.9701654
111,0.8333333,0.8455263,0.0035242524,0.7063899,0.40012,0.981757
112,0.8333333,0.8671761,0.0011625075,0.0,0.80004,0.42151034
113,0.0,0.072625756,0.5073305,0.52656794,0.60008,0.9525211
114,0.6666666,0.66080505,0.41056544,0.5847726,0.60008,0.97052085
115,0.75,0.83222014,0.002295653,0.52656794,0.80004,0.9636724
116,0.6666666,0.7684017,0.09861543,0.6286093,0.00019996,0.96324235
117,0.75,0.88560593,0.0007038257,0.52656794,0.00019996,0.9683491
118,0.6666666,0.87484914,0.0011888059,0.52656794,0.20015997,0.94696265
119,0.6666666,0.84800565,0.008248876,0.0,0.20015997,0.8891503
120,0.0,0.74593616,0.15626311,0.0,0.40012,0.87589115
121,0.0,0.75126207,0.1814584,0.0,1.0,0.8950866
122,0.0,0.5164257,0.25487277,0.0,1.0,0.9006225
123,0.0,0.0466057,0.5118719,0.0,1.0,0.9078876
124,0.0,0.6085849,0.18094811,0.4586097,0.40012,0.94514984
125,0.6666666,0.84700245,0.014238598,0.6286093,0.40012,0.95971996
126,0.75,0.7663024,0.10336985,0.44291398,0.40012,0.9337016
127,0.5833334,0.49090776,0.42258272,0.0,0.20015997,0.8853164
128,0.0,0.11181642,0.497936,0.0,0.80004,0.89
129,0.0,0.09032506,0.50001025,0.0,0.20015997,0.89471436
130,0.0,0.47993663,0.30952296,0.44291398,0.20015997,0.93945843
131,0.5833334,0.8518815,0.0020397594,0.41277978,0.40012,0.94401574
132,0.5833334,0.71978235,0.108647585,0.5847726,0.40012,0.97596985
133,0.75,0.81526715,0.017006822,0.8686936,0.80004,0.984151
134,1.0,0.87534744,0.00037385637,0.81430465,0.80004,0.983221
135,0.9166667,0.83847827,0.008826905,0.0,1.0,0.30780512
136,0.0,0.5345396,0.41131568,0.7373871,0.40012,0.95566165
137,0.9166667,0.81123334,0.008045673,0.5847726,0.80004,0.9593168
138,0.75,0.7632703,0.048621237,0.7373871,0.60008,0.9614204
139,0.9166667,0.76039344,0.02975042,0.7063899,0.80004,0.97699755
140,0.8333333,0.81870073,0.0064281216,0.8686936,0.80004,0.9936696
141,1.0,0.83306956,0.0029065516,0.8686936,0.40012,0.99842817
142,1.0,0.8560138,0.00060278876,0.81430465,0.60008,0.9996949
143,0.9166667,0.84396285,0.014683531,0.7373871,1.0,0.9887607
144,0.9166667,0.85588634,0.0006075489,0.6060807,0.40012,0.9531466
145,0.8333333,0.8647194,0.0005696545,0.81430465,0.00019996,0.9687423
146,0.9166667,0.85290253,0.0007486036,0.7063899,0.40012,0.9724692
147,0.8333333,0.8094467,0.017514184,0.7063899,0.60008,0.9712154
148,0.8333333,0.7291145,0.31352535,0.7063899,0.40012,0.98252594
149,0.8333333,0.8703182,0.0015332446,0.0,0.60008,0.9130645
150,0.0,0.07131348,0.5067984,0.0,0.40012,0.87869096
151,0.0,0.09098475,0.5034585,0.0,0.40012,0.89315
152,0.0,0.36093053,0.38440642,0.0,0.60008,0.8967213
153,0.0,0.17757054,0.4792692,0.0,0.60008,0.89030355
154,0.0,0.49288768,0.3479443,0.0,0.80004,0.8974845
155,0.0,0.46857065,0.392614,0.0,0.60008,0.8887934
156,0.0,0.4138834,0.36452824,0.0,0.20015997,0.9032202
157,0.0,0.15877713,0.47593045,0.0,0.60008,0.8884816
158,0.0,0.53058255,0.2757344,0.0,0.20015997,0.9020639
159,0.0,0.7498896,0.07982767,0.44291398,0.40012,0.9529683
160,0.5833334,0.716248,0.106672175,0.5847726,0.60008,0.9562246
161,0.75,0.70734274,0.33252767,0.7373871,0.40012,0.97865635
162,0.9166667,0.8632856,0.0012331385,0.81430465,0.60008,0.99215037
163,0.9166667,0.8377602,0.009666749,0.0,0.80004,0.9001385
164,0.0,0.70595187,0.36450133,0.0,0.40012,0.8800244
165,0.0,0.43845636,0.39951053,0.0,0.40012,0.9018469
166,0.0,0.53419113,0.316939,0.0,0.20015997,0.90502346
167,0.0,0.07455472,0.5072684,0.7063899,0.40012,0.96252424
168,0.8333333,0.8151889,0.0047659012,0.8686936,0.80004,0.9907102
169,1.0,0.746754,0.03978487,0.0,0.80004,0.9191663
170,0.0,0.18506083,0.46899784,0.0,0.40012,0.8968651
171,0.0,0.4843368,0.41985387,0.0,0.60008,0.8993755
172,0.0,0.50526106,0.367933,0.0,0.00019996,0.88877165
173,0.0,0.47304004,0.41216058,0.0,0.00019996,0.88845205
174,0.0,0.27885038,0.42349535,0.0,0.00019996,0.8877539
175,0.0,0.4991424,0.2868395,0.0,0.40012,0.8924389
176,0.0,0.69924724,0.28110787,0.0,0.00019996,0.8984479
177,0.0,0.7382512,0.2826018,0.0,0.40012,0.8998288
178,0.0,0.49100673,0.42284697,0.2343585,0.60008,0.9285016
179,0.4166667,0.77091295,0.020567259,0.0,0.60008,0.8970162
180,0.0,0.09427936,0.4979029,0.0,0.60008,0.8866952
181,0.0,0.709799,0.28563464,0.0,0.80004,0.90215385
182,0.0,0.44556597,0.39777943,0.0,0.40012,0.9090624
183,0.0,0.72117573,0.3021331,0.0,0.80004,0.8875287
184,0.0,0.409348,0.35686076,0.0,0.80004,0.90978146
185,0.0,0.086704366,0.50021833,0.0,0.80004,0.90559506
186,0.0,0.4694163,0.31469044,0.0,0.20015997,0.8961854
187,0.0,0.60428333,0.39621916,0.0,0.40012,0.89522815
188,0.0,0.44149053,0.3177884,0.0,0.40012,0.88644093
189,0.0,0.4899193,0.40530878,0.41277978,0.00019996,0.9424783
190,0.5833334,0.87938803,0.00047137053,0.44291398,0.20015997,0.9539305
191,0.5833334,0.7764403,0.021295853,0.6286093,0.60008,0.9603458
192,0.75,0.83022934,0.002506571,0.44291398,0.40012,0.93796957
193,0.5833334,0.8543001,0.0033431393,0.7063899,0.20015997,0.99335366
194,0.8333333,0.7274578,0.05690341,0.6286093,0.60008,0.96150345
195,0.75,0.8265744,0.0077281613,0.52656794,0.60008,0.94140774
196,0.6666666,0.8093671,0.014184049,0.44291398,0.40012,0.95139235
197,0.5833334,0.87408924,0.0005510036,0.0,0.40012,0.9186161
198,0.0,0.10897529,0.49326307,0.0,0.60008,0.8819573
199,0.0,0.1806442,0.4678383,0.5847726,0.60008,0.9528995
200,0.75,0.7225309,0.28608075,0.6286093,0.40012,0.9711048
201,0.75,0.87198955,0.0011588471,0.81430465,0.40012,0.99387777
202,0.9166667,0.8467014,0.0054302025,0.81430465,0.60008,0.97545344
203,0.9166667,0.8398587,0.006366582,0.8686936,0.60008,0.9756564
204,1.0,0.8904137,6.825814e-05,0.81430465,0.40012,0.97416604
205,0.9166667,0.846171,0.001478353,0.7373871,0.60008,0.96008253
206,0.9166667,0.84138143,0.0052938266,0.81430465,0.80004,0.9822125
207,0.9166667,0.88375974,0.000101768135,0.0,0.80004,0.71451557
208,0.0,0.4434785,0.39680666,0.0,0.20015997,0.8868996
209,0.0,0.73382276,0.111430556,0.0,0.80004,0.9014273
210,0.0,0.6206431,0.40551403,0.34346783,0.80004,0.95070773
211,0.5,0.8617396,0.0031216764,0.6286093,0.80004,0.95535576
212,0.75,0.81383806,0.060396798,0.7373871,0.80004,0.9677047
213,0.9166667,0.86367035,0.0003489975,0.5847726,0.00019996,0.95567405
214,0.75,0.88257,0.00020363186,0.5847726,0.00019996,0.9429266
215,0.75,0.8568224,0.0007402646,0.41277978,0.20015997,0.93239856
216,0.5833334,0.61797506,0.15814878,0.0,0.60008,0.8896037
217,0.0,0.73151374,0.24083133,0.0,0.00019996,0.8954618
218,0.0,0.50224775,0.326899,0.0,0.00019996,0.9116745
219,0.0,0.5745161,0.38069126,0.0,0.60008,0.8899655
220,0.0,0.2280003,0.4547416,0.44291398,0.00019996,0.9405228
221,0.5833334,0.6235584,0.31395087,0.52656794,0.20015997,0.96041024
222,0.6666666,0.72809684,0.15933737,0.44291398,0.40012,0.947855
223,0.5833334,0.85703874,0.0018756286,0.7063899,0.40012,0.9793649
224,0.8333333,0.8278991,0.0104758525,0.8686936,0.60008,0.9851166
225,1.0,0.8838841,0.00024716297,0.8686936,0.60008,0.9720532
226,1.0,0.8576174,0.0005888637,0.7373871,0.40012,0.96432346
227,0.9166667,0.89555323,7.6061864e-05,0.8686936,0.40012,0.97906333
228,1.0,0.8249915,0.003352124,0.81430465,0.40012,0.9843745
229,0.9166667,0.86454046,0.0014467154,0.0,0.40012,0.914379
230,0.0,0.31562132,0.45450544,0.6286093,0.40012,0.9434876
231,0.75,0.84495133,0.010637146,0.6286093,0.80004,0.9645685
232,0.75,0.8654602,0.0030182297,0.8686936,0.80004,0.9791815
233,1.0,0.85838413,0.00056740886,0.8686936,0.40012,0.9840082
234,1.0,0.76028407,0.025652846,0.7063899,1.0,0.9655045
235,0.8333333,0.8566301,0.004562791,0.7373871,1.0,0.9861023
236,0.9166667,0.8573609,0.00058648747,0.6060807,0.40012,0.9639002
237,0.8333333,0.85737413,0.003964764,0.8686936,0.60008,0.97876465
238,1.0,0.7995191,0.048874885,0.8686936,0.60008,0.98447865
239,1.0,0.7411576,0.16538294,0.8686936,0.60008,0.98912585
240,1.0,0.81130534,0.00555049,0.8686936,1.0,0.99000937
241,1.0,0.8327225,0.003314668,0.81430465,0.80004,0.99534273
242,0.9166667,0.887634,0.00047166145,0.8686936,0.80004,0.9880663
243,1.0,0.8623334,0.0014902462,0.8686936,1.0,0.9735332
244,1.0,0.8162447,0.014379843,0.8686936,1.0,0.9868701
245,1.0,0.8321155,0.0024755616,0.7063899,0.00019996,0.9855501
246,0.8333333,0.83557886,0.0021526269,0.7063899,0.00019996,0.98730636
247,0.8333333,0.84536296,0.0011488181,0.7373871,0.20015997,0.9735855
248,0.9166667,0.8473786,0.0029892023,0.8686936,0.40012,0.99397516
249,1.0,0.79932785,0.013727287,0.81430465,0.80004,0.99019563
250,0.9166667,0.8256097,0.018656135,0.0,1.0,0.89243746
251,0.0,0.6461395,0.3441145,0.52656794,0.80004,0.93225473
252,0.6666666,0.85395634,0.005932862,0.52656794,0.80004,0.95813966
253,0.6666666,0.87455493,0.0008918452,0.7373871,1.0,0.97318614
254,0.9166667,0.85256904,0.00078595383,0.5847726,0.40012,0.95306015
255,0.75,0.85425377,0.0023978266,0.5847726,0.40012,0.9480939
256,0.75,0.8556794,0.0028649163,0.6060807,0.40012,0.95810807
257,0.8333333,0.86228454,0.0035666784,0.5847726,0.40012,0.95469594
258,0.75,0.8641892,0.0037987086,0.7373871,0.40012,0.9645023
259,0.9166667,0.7936024,0.010641317,0.0,0.40012,0.90032136
260,0.0,0.4633575,0.40230325,0.0,0.20015997,0.8937435
261,0.0,0.4202122,0.40002972,0.0,0.20015997,0.8974073
262,0.0,0.2118997,0.45791703,0.0,0.40012,0.89429057
263,0.0,0.31959656,0.40217695,0.44291398,0.40012,0.93396
264,0.5833334,0.71077377,0.17443751,0.34346783,0.40012,0.94644785
265,0.5,0.8348562,0.0066605015,0.52656794,0.40012,0.9613062
266,0.6666666,0.8521943,0.0033075388,0.6286093,0.40012,0.95050067
267,0.75,0.8716367,0.0013655783,0.7373871,0.80004,0.96771884
268,0.9166667,0.8603427,0.00057581137,0.5847726,0.60008,0.9540459
269,0.75,0.8766005,0.001229174,0.7063899,0.60008,0.9674721
270,0.8333333,0.7317639,0.27538374,0.5847726,0.40012,0.96177137
271,0.75,0.69776404,0.085306585,0.0,0.60008,0.8861513
272,0.0,0.43703344,0.3341613,0.6060807,0.60008,0.95460606
273,0.8333333,0.851945,0.0026816803,0.4586097,0.00019996,0.9550608
274,0.6666666,0.872672,0.00058003643,0.52656794,0.20015997,0.97055113
275,0.6666666,0.84619105,0.0061861975,0.7063899,0.40012,0.9709927
276,0.8333333,0.8771436,0.00043598027,0.7373871,0.20015997,0.9702848
277,0.9166667,0.87578714,0.00032531904,0.81430465,0.80004,0.97036695
278,0.9166667,0.8603716,0.0017711828,0.0,0.80004,0.7545341
279,0.9166667,0.858962,0.0014163515,0.7373871,0.40012,0.963067
280,0.9166667,0.8623834,0.0012274666,0.8686936,0.00019996,0.98187214
281,1.0,0.82310474,0.003918892,0.7373871,0.40012,0.97092587
282,0.9166667,0.85152745,0.0008212722,0.81430465,0.40012,0.9758465
283,0.9166667,0.62319326,0.302788,0.7373871,0.60008,0.97675186
284,0.9166667,0.7859569,0.013807182,0.8686936,0.80004,0.9936552
285,1.0,0.8091228,0.00874848,0.81430465,0.60008,0.9892085
286,0.9166667,0.8906208,0.00018648522,0.7373871,0.60008,0.98463064
287,0.9166667,0.8603232,0.00044588133,0.7063899,0.60008,0.95564586
288,0.8333333,0.8507588,0.0012406216,0.7063899,0.80004,0.96035403
289,0.8333333,0.76258755,0.048685104,0.81430465,0.80004,0.98631907
290,0.9166667,0.7515501,0.047301367,0.0,0.40012,0.9032711
291,0.0,0.6719547,0.25146517,0.7373871,0.20015997,0.9725446
292,0.9166667,0.84354115,0.0037073807,0.7063899,0.60008,0.98034227
293,0.8333333,0.87422496,0.0011471303,0.8686936,1.0,0.9825007
294,1.0,0.8187915,0.014144929,0.8686936,1.0,0.9901327
295,1.0,0.87503946,0.0003721788,0.81430465,0.60008,0.9863248
296,0.9166667,0.83578384,0.02164229,0.81430465,0.80004,0.96870935
297,0.9166667,0.8220778,0.032310348,0.81430465,1.0,0.96994096
298,0.9166667,0.81681544,0.045933537,0.81430465,1.0,0.97240937
299,0.9166667,0.82574624,0.02891435,0.8686936,1.0,0.9753647
300,1.0,0.83082014,0.0078016776,0.81430465,1.0,0.97232884
301,0.9166667,0.82084465,0.030178616,0.0,1.0,0.9033319
302,0.0,0.70109314,0.12738256,0.7373871,0.40012,0.9552412
303,0.9166667,0.87750936,0.00083636877,0.81430465,0.60008,0.9866584
304,0.9166667,0.84829503,0.009361704,0.0,0.60008,0.33518165
305,1.0,0.8189733,0.004161084,0.7063899,0.60008,0.9609111
306,0.8333333,0.84736896,0.0026496311,0.7063899,0.40012,0.9860013
307,0.8333333,0.8266538,0.0045886124,0.8686936,0.40012,0.9843512
308,1.0,0.8005899,0.008355387,0.81430465,0.60008,0.97738975
309,0.9166667,0.8667358,0.0013484965,0.7063899,0.80004,0.9848641
310,0.8333333,0.83324426,0.014805521,0.0,0.80004,0.8900323
311,0.0,0.6304676,0.40751067,0.0,0.60008,0.8828921
312,0.0,0.5172563,0.36808357,0.0,1.0,0.9009156
313,0.0,0.5516576,0.26435673,0.7063899,0.20015997,0.9674664
314,0.8333333,0.82449263,0.006544037,0.8686936,0.20015997,0.9961394
315,1.0,0.8549091,0.0018771203,0.8686936,0.60008,0.99568784
316,1.0,0.8493361,0.00092469895,0.7373871,0.20015997,0.9920355
317,0.9166667,0.8936119,7.846285e-05,0.8686936,0.40012,0.9753905
318,1.0,0.8581574,0.00052321743,0.7373871,0.60008,0.9746957
319,0.9166667,0.86920106,0.00045588866,0.6060807,0.60008,0.95249724
320,0.8333333,0.65874255,0.10747301,0.7373871,0.80004,0.9681791
321,0.9166667,0.83871406,0.002457325,0.5847726,0.80004,0.963745
322,0.75,0.78248703,0.023491718,0.7063899,0.80004,0.9980225
323,0.8333333,0.7700267,0.081286855,0.8686936,0.80004,0.9909439
324,1.0,0.82914996,0.0027762745,0.7063899,0.80004,0.9791245
325,0.8333333,0.73143375,0.050988894,0.8686936,0.80004,0.99748766
326,1.0,0.79028744,0.027206264,0.81430465,0.60008,0.9902426
327,0.9166667,0.8683711,0.00045990167,0.7373871,0.80004,0.9741994
328,0.9166667,0.87244624,0.00023472012,0.81430465,0.80004,0.97945416
329,0.9166667,0.84357804,0.0015603872,0.0,0.80004,0.9255787
330,0.0,0.47264606,0.38159004,0.0,1.0,0.89493304
331,0.0,0.2240649,0.47369346,0.6060807,0.60008,0.96688426
332,0.8333333,0.8158625,0.033024766,0.5847726,0.60008,0.97103894
333,0.75,0.8607016,0.0061155055,0.5847726,0.60008,0.9789198
334,0.75,0.860776,0.00412545,0.6286093,0.60008,0.95937634
335,0.75,0.88990676,0.00042217344,0.81430465,0.60008,0.98191154
336,0.9166667,0.82270426,0.02370772,0.6286093,0.60008,0.9663416
337,0.75,0.70871836,0.2253937,0.7063899,0.00019996,0.9643213
338,0.8333333,0.6551108,0.17536047,0.81430465,0.60008,0.9716154
339,0.9166667,0.8455741,0.010548025,0.7063899,0.80004,0.9872236
340,0.8333333,0.88648206,0.00035651037,0.0,1.0,0.8911838
341,0.0,0.70109314,0.12738256,0.52656794,0.60008,0.9293063
342,0.6666666,0.6918849,0.38726822,0.6286093,0.60008,0.96558887
343,0.75,0.8004347,0.044627346,0.8686936,0.80004,0.9813129
344,1.0,0.84328574,0.002286861,0.81430465,0.60008,0.99541646
345,0.9166667,0.8868359,0.0005250324,0.0,0.60008,0.9169531
346,0.0,0.79681134,0.026298268,0.7063899,0.60008,0.94894177
347,0.8333333,0.38167346,0.3662843,0.7373871,0.40012,0.9790671
348,0.9166667,0.8740825,0.00046739102,0.8686936,0.60008,0.9965765
349,1.0,0.8411478,0.0025731002,0.81430465,0.00019996,0.9849979
350,0.9166667,0.8757524,0.00054223224,0.0,0.20015997,0.91019356
351,0.0,0.40423426,0.43524766,0.52656794,0.20015997,0.9391296
352,0.6666666,0.7398803,0.03882645,0.52656794,0.40012,0.9491585
353,0.6666666,0.6227063,0.3709409,0.6286093,1.0,0.9541215
354,0.75,0.7907717,0.027815755,0.7373871,1.0,0.9832976
355,0.9166667,0.82454157,0.0032304775,0.6060807,0.60008,0.9736455
356,0.8333333,0.83962494,0.003527262,0.8686936,0.80004,0.98027945
357,1.0,0.87848026,0.0001995792,0.8686936,0.80004,0.98872215
358,1.0,0.85062057,0.0012536864,0.81430465,0.60008,0.98642576
359,0.9166667,0.84768784,0.0020139741,0.0,0.80004,0.5739417
360,0.0,0.62935907,0.13718279,0.0,0.40012,0.88365275
361,0.0,0.6070525,0.3381055,0.0,0.40012,0.895142
362,0.0,0.5929996,0.40816796,0.41277978,0.20015997,0.9364624
363,0.5833334,0.35938722,0.38589785,0.0,0.80004,0.8990255
364,0.0,0.30931896,0.45189014,0.5847726,1.0,0.9612063
365,0.75,0.7727623,0.060325205,0.4586097,0.80004,0.95115924
366,0.6666666,0.78974944,0.011626214,0.47477427,0.80004,0.96327955
367,0.75,0.8562169,0.002063449,0.5847726,0.80004,0.96020645
368,0.75,0.79349715,0.011658775,0.6060807,0.80004,0.9521797
369,0.8333333,0.82703906,0.0041720467,0.81430465,0.80004,0.9843901
370,0.9166667,0.8210023,0.008378234,0.0,0.80004,0.9028267
371,0.0,0.21252386,0.46719164,0.0,0.40012,0.8872104
372,0.0,0.40863818,0.43325055,0.81430465,0.60008,0.9812285
373,0.9166667,0.86076117,0.0021680004,0.0,0.80004,0.21520656
374,0.0,0.5529496,0.41532668,0.11916967,0.00019996,0.9021503
375,0.3333333,0.83544,0.002383596,0.41277978,0.20015997,0.93376434
376,0.5833334,0.8276943,0.005232782,0.52656794,0.20015997,0.9482067
377,0.6666666,0.80112964,0.030899588,0.6286093,0.20015997,0.95980954
378,0.75,0.87004733,0.0008221218,0.5847726,0.80004,0.9733707
379,0.75,0.870032,0.0008788499,0.5847726,0.80004,0.95276785
380,0.75,0.8263652,0.013459549,0.0,0.80004,0.8959365
381,0.0,0.35090643,0.38208005,0.47477427,0.60008,0.9390075
382,0.75,0.87848127,0.0007279672,0.7063899,0.60008,0.9767809
383,0.8333333,0.77182704,0.026286153,0.7373871,0.80004,0.96784866
384,0.9166667,0.87068033,0.0014500585,0.81430465,0.60008,0.98059714
385,0.9166667,0.81542116,0.01472877,0.0,1.0,0.90291786
386,0.0,0.6800103,0.2240264,0.8686936,1.0,0.97948927
387,1.0,0.8321155,0.0024755616,0.7063899,0.20015997,0.97890145
388,0.8333333,0.8318844,0.0025684282,0.7373871,0.40012,0.9904061
389,0.9166667,0.85273796,0.001348195,0.7063899,0.40012,0.9771994
390,0.8333333,0.8324216,0.0026609013,0.7063899,0.60008,0.97400826
391,0.8333333,0.79014826,0.023607096,0.0,0.80004,0.25927138
392,0.0,0.12294412,0.49643704,0.81430465,0.80004,0.97775024
393,0.9166667,0.8397368,0.004935429,0.8686936,0.80004,0.99235696
394,1.0,0.7619595,0.055767443,0.0,0.60008,0.89143914
395,0.0,0.65415096,0.40496752,0.0,0.40012,0.8906806
396,0.0,0.74267834,0.16939323,0.0,0.00019996,0.9122928
397,0.0,0.70643425,0.07130605,0.0,0.60008,0.9067674
398,0.0,0.32411534,0.423368,0.0,0.40012,0.8894838
399,0.0,0.5394894,0.26459458,0.0,0.20015997,0.901435
400,0.0,0.3355329,0.4406827,0.7063899,0.40012,0.96865773
401,0.8333333,0.8683094,0.00088091375,0.7063899,0.20015997,0.97570527
402,0.8333333,0.8622604,0.0013312656,0.0,0.60008,0.8864627
403,0.0,0.2833036,0.4577633,0.8686936,0.60008,0.9710554
404,1.0,0.85104805,0.0010230085,0.8686936,0.20015997,0.989989
405,1.0,0.8324626,0.0027065217,0.8686936,0.80004,0.9760432
406,1.0,0.84995764,0.00092186674,0.7063899,0.20015997,0.9857081
407,0.8333333,0.8788112,0.0007812662,0.7373871,0.40012,0.96588594
408,0.9166667,0.8594249,0.0008996938,0.0,0.40012,0.25551975
409,0.0,0.64456064,0.2408495,0.2343585,0.20015997,0.9166678
410,0.4166667,0.85724854,0.0006653735,0.41277978,0.40012,0.9500658
411,0.5833334,0.8303018,0.0027741757,0.52656794,0.40012,0.95196855
412,0.6666666,0.72996,0.1702573,0.52656794,0.60008,0.952263
413,0.6666666,0.68403196,0.37431082,0.4586097,0.20015997,0.9616037
414,0.6666666,0.84387887,0.004194252,0.6060807,0.20015997,0.9807048
415,0.8333333,0.8767311,0.0003494654,0.5847726,0.40012,0.9587192
416,0.75,0.5437298,0.41728804,0.0,0.60008,0.89644575
417,0.0,0.62928385,0.14752552,0.6286093,0.20015997,0.96801466
418,0.75,0.85584444,0.0006035878,0.7063899,0.40012,0.9831071
419,0.8333333,0.7675612,0.02121391,0.7373871,0.40012,0.9787075
420,0.9166667,0.81266934,0.0068239034,0.8686936,0.60008,0.98754495
421,1.0,0.83446455,0.0044260095,0.8686936,0.00019996,0.9928105
422,1.0,0.8233852,0.0034318406,0.7063899,0.40012,0.97027844
423,0.8333333,0.7695574,0.026503615,0.81430465,0.40012,0.9693705
424,0.9166667,0.26380664,0.43265656,0.8686936,0.20015997,0.9920775
425,1.0,0.78970724,0.017896816,0.0,0.20015997,0.92062837
426,0.0,0.5685221,0.27170417,0.0,0.20015997,0.8905535
427,0.0,0.69612646,0.4089477,0.0,0.60008,0.8977629
428,0.0,0.5693176,0.30822286,0.8686936,0.80004,0.9906501
429,1.0,0.7865496,0.01268211,0.8686936,1.0,0.9987653
430,1.0,0.84903073,0.00095257116,0.8686936,0.60008,0.99406016
431,1.0,0.83555204,0.0021495041,0.8686936,1.0,0.9985979
432,1.0,0.84561884,0.0021432093,0.7063899,0.60008,0.96068925
433,0.8333333,0.8478158,0.0035355724,0.6286093,0.80004,0.956639
434,0.75,0.8862733,0.0005503678,0.81430465,0.80004,0.98771566
435,0.9166667,0.8177958,0.018835336,0.0,1.0,0.3503564
436,0.8333333,0.8473662,0.0011761762,0.7373871,0.00019996,0.9653539
437,0.9166667,0.90077305,8.659676e-05,0.7063899,0.00019996,0.97265154
438,0.8333333,0.7683783,0.16403876,0.7373871,1.0,0.97158676
439,0.9166667,0.75854313,0.15727542,0.5847726,0.00019996,0.95957524
440,0.75,0.8598243,0.001665755,0.8686936,0.00019996,0.98301214
441,1.0,0.7404646,0.06743253,0.81430465,0.20015997,0.9780356
442,0.9166667,0.905326,2.7234995e-05,0.0,0.40012,0.15810633
443,0.5833334,0.84402466,0.0012492992,0.5847726,0.60008,0.9417387
444,0.75,0.80818427,0.013054735,0.81430465,0.60008,0.9838093
445,0.9166667,0.84457296,0.0012114934,0.0,0.60008,0.90623766
446,0.0,0.6719031,0.09306869,0.0,0.80004,0.89235485
447,0.0,0.6658864,0.09906484,0.0,1.0,0.9013317
448,0.0,0.6461395,0.3441145,0.0,0.80004,0.9086042
449,0.0,0.75825334,0.08037959,0.6286093,0.20015997,0.9616771
450,0.75,0.8879083,4.025749e-05,0.8686936,0.20015997,0.9884771
451,1.0,0.7883326,0.026933081,0.7373871,0.80004,0.9730937
452,0.9166667,0.8533878,0.0040795775,0.0,1.0,0.18143964
453,0.8333333,0.83803093,0.0027836952,0.4586097,0.80004,0.9482199
454,0.6666666,0.86395407,0.0011150909,0.4586097,0.80004,0.9691732
455,0.6666666,0.8359232,0.001934289,0.6286093,0.80004,0.9592701
456,0.75,0.7743597,0.035106864,0.8686936,1.0,0.98594433
457,1.0,0.83326405,0.002194611,0.81430465,0.20015997,0.9954859
458,0.9166667,0.8724185,0.00019975989,0.7373871,0.20015997,0.98897165
459,0.9166667,0.7615575,0.08154818,0.5847726,0.60008,0.95523214
460,0.75,0.83697754,0.023594048,0.7063899,0.60008,0.9991441
461,0.8333333,0.8050677,0.012634085,0.7063899,0.00019996,0.9663991
462,0.8333333,0.81641,0.007688414,0.0,0.00019996,0.8850639
463,0.0,0.7201923,0.33578914,0.7373871,0.80004,0.9626218
464,0.9166667,0.86009055,0.0008564061,0.8686936,1.0,0.99981093
465,1.0,0.84561884,0.0021432093,0.8686936,0.20015997,0.9882158
466,1.0,0.83699656,0.002214671,0.81430465,0.80004,0.9768752
467,0.9166667,0.83451897,0.002038747,0.7063899,1.0,0.9808295
468,0.8333333,0.7098726,0.17997287,0.8686936,1.0,0.9904855
469,1.0,0.82799894,0.004159104,0.81430465,0.60008,0.99187356
470,0.9166667,0.8013626,0.008359951,0.0,0.60008,0.917991
471,0.0,0.3726159,0.42908058,0.0,0.60008,0.9034411
472,0.0,0.309549,0.4550585,0.0,0.80004,0.8996998
473,0.0,0.4871799,0.39364675,0.34346783,0.80004,0.9341978
474,0.5,0.85687965,0.0041523674,0.0,1.0,0.90209854
475,0.0,0.6555829,0.2022858,0.0,0.20015997,0.88535315
476,0.0,0.5364316,0.24635753,0.0,0.20015997,0.89015186
477,0.0,0.3549829,0.3922345,0.0,0.20015997,0.8944085
478,0.0,0.4474809,0.3474886,0.0,0.40012,0.8977062
479,0.0,0.47250986,0.3096867,0.33046594,0.80004,0.9278557
480,0.5833334,0.87292194,0.0013073466,0.5847726,0.80004,0.9693019
481,0.75,0.8631539,0.0016203609,0.5847726,0.80004,0.9512477
482,0.75,0.848379,0.007507433,0.8686936,1.0,0.9826968
483,1.0,0.7738577,0.039959796,0.8686936,1.0,0.99021083
484,1.0,0.82799894,0.004159104,0.8686936,0.40012,0.990574
485,1.0,0.8309211,0.003591493,0.81430465,0.00019996,0.9997452
486,0.9166667,0.8778311,0.0009865378,0.0,0.20015997,0.9130626
487,0.0,0.12096798,0.49583724,0.7373871,0.20015997,0.95080876
488,0.9166667,0.76544046,0.023539325,0.81430465,0.80004,0.99316794
489,0.9166667,0.8209229,0.006218125,0.0,0.80004,0.89017224
490,0.0,0.5537237,0.21582635,0.7373871,0.80004,0.9596387
491,0.9166667,0.84784335,0.0010607931,0.7063899,0.00019996,0.9791067
492,0.8333333,0.86928177,0.00023364006,0.8686936,0.00019996,0.9759627
493,1.0,0.81290454,0.009763979,0.7373871,0.80004,0.97755694
494,0.9166667,0.8594262,0.0028433676,0.7063899,0.80004,0.98477525
495,0.8333333,0.850285,0.005773159,0.7373871,1.0,0.9707632
496,0.9166667,0.8573609,0.00058648747,0.81430465,0.20015997,0.98755497
497,0.9166667,0.8212428,0.039691966,0.81430465,0.60008,0.9741591
498,0.9166667,0.83507824,0.022477131,0.6286093,0.60008,0.95397645
499,0.75,0.81813014,0.0078113857,0.44291398,0.40012,0.9294399
500,0.5833334,0.79741603,0.01100132,0.0,0.60008,0.8820283
501,0.0,0.23761085,0.46237603,0.0,0.80004,0.8898402
502,0.0,0.39495146,0.3702615,0.0,0.80004,0.8952753
503,0.0,0.086704366,0.50021833,0.0,0.80004,0.9049588
504,0.0,0.30034012,0.45056775,0.0,0.80004,0.8961854
505,0.0,0.20912312,0.46743163,0.29289323,0.20015997,0.9337152
506,0.5,0.88399726,0.00047694627,0.52656794,0.20015997,0.9594132
507,0.6666666,0.8646422,0.0023607279,0.5847726,0.20015997,0.9554306
508,0.75,0.8574612,0.003486255,0.8686936,0.40012,0.9814952
509,1.0,0.89348704,9.611447e-05,0.0,0.40012,0.9041241
510,0.0,0.1879396,0.46478868,0.0,0.40012,0.89410174
511,0.0,0.42101848,0.35388514,0.0,0.60008,0.89084685
512,0.0,0.6416971,0.40909386,0.0,0.80004,0.89
513,0.0,0.60340065,0.17877851,0.0,0.00019996,0.91230416
514,0.0,0.74844986,0.07406814,0.34346783,0.40012,0.92345697
515,0.5,0.83883226,0.0017565651,0.0,0.40012,0.9050065
516,0.0,0.67118996,0.31455076,0.0,1.0,0.8895035
517,0.0,0.26354313,0.46331465,0.0,0.20015997,0.90569675
518,0.0,0.11319067,0.49857306,0.0,0.40012,0.90378433
519,0.0,0.32249442,0.40295416,0.0,0.20015997,0.90024614
520,0.0,0.55915236,0.36959782,0.0,0.40012,0.9014927
521,0.0,0.7006015,0.3871517,0.0,0.60008,0.8901834
522,0.0,0.76174843,0.09034937,0.11916967,0.20015997,0.92034245
523,0.3333333,0.82990986,0.00253914,0.0,0.20015997,0.89678746
524,0.0,0.7223336,0.14619315,0.0,0.80004,0.8952323
525,0.0,0.45122743,0.33811235,0.0,0.20015997,0.8999354
526,0.0,0.7304218,0.1744092,0.34346783,0.60008,0.93930966
527,0.5,0.7795767,0.032932878,0.6286093,0.60008,0.9682257
528,0.75,0.7282953,0.2629532,0.52656794,0.60008,0.9462695
529,0.6666666,0.79708546,0.012969756,0.41277978,0.60008,0.95211
530,0.5833334,0.63295925,0.25807348,0.52656794,0.60008,0.98298883
531,0.6666666,0.801898,0.018982625,0.7063899,0.60008,0.98603433
532,0.8333333,0.80734104,0.030921612,0.7373871,0.60008,0.994621
533,0.9166667,0.8498115,0.001060443,0.6060807,0.40012,0.9652045
534,0.8333333,0.506215,0.27032006,0.0,1.0,0.9314709
535,0.0,0.3275301,0.44116604,0.0,0.80004,0.8928467
536,0.0,0.5655917,0.2041147,0.0,0.20015997,0.90381694
537,0.0,0.583297,0.37980023,0.0,0.20015997,0.8962356
538,0.0,0.7884903,0.040668912,0.1695452,0.20015997,0.9129634
539,0.4166667,0.7348374,0.14317438,0.0,0.00019996,0.9035385
540,0.0,0.62315905,0.40868914,0.2121614,0.20015997,0.9387497
541,0.5833334,0.86690134,0.00068840466,0.4586097,0.60008,0.93872577
542,0.6666666,0.8700329,0.00052309036,0.47477427,0.80004,0.93807983
543,0.75,0.86098015,0.0008925931,0.4586097,0.80004,0.9425498
544,0.6666666,0.6023725,0.34042138,0.0,0.80004,0.8920874
545,0.0,0.46029106,0.4144505,0.0,0.40012,0.9047371
546,0.0,0.34050015,0.44956288,0.0,0.40012,0.89905864
547,0.0,0.6805379,0.21957791,0.0,0.80004,0.89818203
548,0.0,0.5675319,0.300691,0.0,0.20015997,0.8909649
549,0.0,0.5896734,0.40003484,0.81430465,0.40012,0.9735828
550,0.9166667,0.88555425,0.00016095486,0.81430465,0.20015997,0.9841549
551,0.9166667,0.8822462,0.00027005438,0.8686936,0.40012,0.9790507
552,1.0,0.7941009,0.009987305,0.8686936,0.80004,-0.01838243
553,0.0,0.557383,0.41388175,0.34346783,0.20015997,0.9333162
554,0.5,0.8180433,0.0042596194,0.0,0.20015997,0.89476573
555,0.0,0.72078264,0.27290475,0.0,0.80004,0.8875996
556,0.0,0.29675785,0.4149617,0.0,0.80004,0.9013936
557,0.0,0.4051977,0.41267166,0.0,0.80004,0.9055689
558,0.0,0.5303183,0.2496109,0.0,0.80004,0.9052268
559,0.0,0.4051977,0.41267166,0.34346783,0.60008,0.93610334
560,0.5,0.8675104,0.00026838898,0.0,0.60008,0.9102268
561,0.0,0.08420756,0.502594,0.5847726,0.40012,0.9489569
562,0.75,0.8627719,0.005011308,0.6060807,0.40012,0.96920073
563,0.8333333,0.8654476,0.0016272641,0.7063899,0.40012,0.96979713
564,0.8333333,0.763566,0.06378329,0.6060807,0.20015997,0.95850426
565,0.8333333,0.8585444,0.0014369356,0.7373871,0.60008,0.976993
566,0.9166667,0.80970305,0.009834685,0.0,0.40012,0.9226804
567,0.0,0.7005583,0.1984156,0.0,0.60008,0.89530516
568,0.0,0.291622,0.4459296,0.7063899,0.60008,0.96501744
569,0.8333333,0.66616744,0.41044465,0.0,0.60008,0.9028582
570,0.0,0.087857306,0.5000946,0.7373871,0.60008,0.97860646
571,0.9166667,0.8461735,0.0011355777,0.81430465,0.20015997,0.98776525
572,0.9166667,0.8519056,0.001896644,0.0,0.40012,0.888445
573,0.0,0.69358104,0.40633184,0.7373871,0.40012,0.96413887
574,0.9166667,0.87021196,0.00058907794,0.7063899,0.60008,0.98384595
575,0.8333333,0.5512339,0.37095863,0.52656794,0.40012,0.9448963
576,0.6666666,0.86407506,0.0005973142,0.52656794,0.60008,0.96343726
577,0.6666666,0.8444319,0.0069183013,0.7063899,0.20015997,0.9894316
578,0.8333333,0.73220664,0.04175354,0.52656794,0.60008,0.9437336
579,0.6666666,0.6654062,0.28216827,0.7063899,0.60008,0.9800978
580,0.8333333,0.79061735,0.010981619,0.6286093,1.0,0.9763745
581,0.75,0.75435644,0.049266905,0.8686936,1.0,0.9940916
582,1.0,0.8245706,0.004862899,0.7063899,0.80004,0.96944886
583,0.8333333,0.8057502,0.008635646,0.7063899,0.80004,0.96808535
584,0.8333333,0.6677114,0.12529522,0.8686936,1.0,0.986737
585,1.0,0.8392814,0.0038591118,0.7063899,1.0,0.9829954
586,0.8333333,0.8173135,0.0063386653,0.8686936,1.0,0.9970128
587,1.0,0.83762354,0.002009079,0.8686936,1.0,0.9983189
588,1.0,0.86212105,0.0004245132,0.7373871,0.80004,0.9794222
589,0.9166667,0.8033038,0.007846767,0.7063899,0.80004,0.98806536
590,0.8333333,0.8295706,0.002707558,0.7063899,0.80004,0.9711469
591,0.8333333,0.7973527,0.044557914,0.0,1.0,0.90346044
592,0.0,0.54244936,0.34516117,0.4586097,0.20015997,0.94624287
593,0.6666666,0.87696064,0.00035274753,0.6286093,0.00019996,0.9764504
594,0.75,0.8622928,0.0004268612,0.6060807,0.20015997,0.9509478
595,0.8333333,0.7723162,0.059101082,0.7373871,0.60008,0.97799903
596,0.9166667,0.8159434,0.020801514,0.7063899,0.80004,0.9881062
597,0.8333333,0.86052984,0.0022326056,0.8686936,1.0,0.9847473
598,1.0,0.8030195,0.026212865,0.8686936,1.0,0.9950242
599,1.0,0.8392814,0.0038591118,0.81430465,1.0,0.98462784
600,0.9166667,0.84820145,0.0009843562,0.7373871,1.0,0.9906899
601,0.9166667,0.8181645,0.008552859,0.7063899,1.0,0.97396314
602,0.8333333,0.8039994,0.009886432,0.8686936,1.0,0.97943336
603,1.0,0.82100755,0.004469273,0.8686936,1.0,0.993521
604,1.0,0.83097756,0.0030694858,0.7063899,0.40012,0.9764755
605,0.8333333,0.8649768,0.0026892158,0.7373871,0.20015997,0.98898304
606,0.9166667,0.8462724,0.0073716734,0.8686936,0.40012,0.9870172
607,1.0,0.7896319,0.011306838,0.7373871,0.80004,0.97201043
608,0.9166667,0.863468,0.0011103522,0.81430465,0.80004,0.99632716
609,0.9166667,0.8177958,0.018835336,0.7373871,1.0,0.97657037
610,0.9166667,0.8737948,0.0003419671,0.7063899,0.60008,0.96308756
611,0.8333333,0.8380715,0.01321791,0.0,0.80004,0.648646
612,0.0,0.61979014,0.15558687,0.0,0.40012,0.89436626
613,0.0,0.37237012,0.4325637,0.0,0.20015997,0.8907855
614,0.0,0.5367609,0.24172255,0.44291398,0.60008,0.93825775
615,0.5833334,0.76110613,0.026771743,0.6286093,0.60008,0.97295004
616,0.75,0.82357,0.017581545,0.81430465,0.60008,0.979905
617,0.9166667,0.858322,0.00051237346,0.7373871,0.80004,0.986004
618,0.9166667,0.81509924,0.010896405,0.6060807,0.40012,0.96192366
619,0.8333333,0.5690325,0.25462553,0.5847726,0.60008,0.9915257
620,0.75,0.6521318,0.38154656,0.6060807,0.00019996,0.96468604
621,0.8333333,0.86712027,0.00050423696,0.4586097,0.00019996,0.9621165
622,0.6666666,0.49947837,0.407234,0.0,0.80004,-0.10286105
623,0.0,0.6276863,0.15060446,0.11916967,0.20015997,0.9110054
624,0.3333333,0.85409576,0.0018083461,0.41277978,0.20015997,0.93942875
625,0.5833334,0.876869,0.00046213702,0.7063899,0.20015997,0.9578371
626,0.8333333,0.8366769,0.0019218584,0.7063899,0.40012,0.9705776
627,0.8333333,0.49750528,0.3014802,0.81430465,0.40012,0.9768981
628,0.9166667,0.85917896,0.002004329,0.0,0.60008,0.13649642
629,0.8333333,0.8497184,0.0020162978,0.7063899,0.40012,0.95750064
630,0.8333333,0.8518911,0.00079407106,0.8686936,0.40012,0.9855105
631,1.0,0.8356258,0.0033940263,0.8686936,0.00019996,0.9876147
632,1.0,0.8308633,0.0026248111,0.7063899,0.60008,0.98608464
633,0.8333333,0.6523613,0.11911783,0.6286093,0.60008,0.9596232
634,0.75,0.76702225,0.066793576,0.6286093,0.80004,0.96570355
635,0.75,0.838861,0.0063916394,0.8686936,0.80004,0.9836206
636,1.0,0.8357083,0.0037992056,0.8686936,1.0,0.98669946
637,1.0,0.8169489,0.006548832,0.8686936,0.80004,0.98947674
638,1.0,0.8241269,0.0051354663,0.7063899,1.0,0.98441386
639,0.8333333,0.7797211,0.030492118,0.0,1.0,0.19605553
640,0.0,0.56558645,0.27629918,0.1695452,0.20015997,0.9069545
641,0.4166667,0.85376656,0.0010283529,0.4586097,0.00019996,0.95349276
642,0.6666666,0.87486446,0.0006316046,0.41277978,0.20015997,0.9279068
643,0.5833334,0.8559348,0.0011479239,0.2343585,0.20015997,0.90864575
644,0.4166667,0.7060417,0.09277349,0.0,0.20015997,0.89481264
645,0.0,0.64229524,0.39402544,0.44291398,0.20015997,0.9255941
646,0.5833334,0.5338832,0.41660953,0.6286093,0.60008,0.97449833
647,0.75,0.82887304,0.003743252,0.52656794,0.80004,0.9560014
648,0.6666666,0.6790862,0.2578208,0.6060807,1.0,0.9669582
649,0.8333333,0.8356726,0.0030140465,0.7063899,1.0,0.98791677
650,0.8333333,0.8005544,0.011967891,0.7063899,1.0,0.9920428
651,0.8333333,0.85093755,0.0024556713,0.7063899,1.0,0.97687864
652,0.8333333,0.7741368,0.059392508,0.0,1.0,0.90591574
653,0.0,0.61686814,0.39673936,0.8686936,1.0,0.97309554
654,1.0,0.83082014,0.0078016776,0.8686936,1.0,0.99624014
655,1.0,0.73746973,0.1054174,0.0,1.0,0.9041652
656,0.0,0.70109314,0.12738256,0.7063899,0.60008,0.9688739
657,0.8333333,0.86654735,0.002083854,0.0,0.40012,0.9043946
658,0.0,0.5265062,0.4020539,0.7373871,0.40012,0.95662034
659,0.9166667,0.8634932,0.0004971544,0.6060807,0.40012,0.9614978
660,0.8333333,0.85204375,0.0013657998,0.7063899,0.40012,0.95878524
661,0.8333333,0.84192055,0.0016701734,0.6286093,0.40012,0.9615584
662,0.75,0.8055079,0.010734431,0.6060807,0.60008,0.9615224
663,0.8333333,0.84468764,0.0035804135,0.47477427,0.20015997,0.95840687
664,0.75,0.87923,0.00074657303,0.4586097,0.00019996,0.9667321
665,0.6666666,0.8883454,0.00019287577,0.33046594,0.00019996,0.91761345
666,0.5833334,0.61574054,0.23266608,0.0,0.40012,0.8915449
667,0.0,0.5386977,0.23606467,0.0,0.60008,0.88837874
668,0.0,0.36243865,0.3995526,0.0,0.00019996,0.90136105
669,0.0,0.73896277,0.20678252,0.0,0.80004,0.9067998
670,0.0,0.3411514,0.404135,0.52656794,0.20015997,0.95376915
671,0.6666666,0.6072039,0.3681886,0.41277978,0.40012,0.9547429
672,0.5833334,0.8741887,0.00082604086,0.44291398,1.0,0.96206164
673,0.5833334,0.87456334,0.0013099861,0.5847726,1.0,0.952063
674,0.75,0.8356781,0.014978315,0.0,1.0,0.8981852
675,0.0,0.6470223,0.11917003,0.4586097,0.40012,0.9341337
676,0.6666666,0.83187157,0.018962083,0.47477427,0.60008,0.95056087
677,0.75,0.8656081,0.0018873892,0.4586097,0.60008,0.94439876
678,0.6666666,0.8065117,0.00816935,0.0,0.00019996,0.89538616
679,0.0,0.7977062,0.012220819,0.0,0.20015997,0.8901188
680,0.0,0.6101925,0.2689736,0.0,0.60008,0.8919203
681,0.0,0.060599245,0.50848687,0.0,0.60008,0.89019203
682,0.0,0.19774456,0.4705353,0.0,0.40012,0.8929515
683,0.0,0.31834775,0.4509293,0.0,0.60008,0.8981301
684,0.0,0.19774456,0.4705353,0.0,0.40012,0.88906246
685,0.0,0.2471818,0.4445203,0.8686936,0.40012,0.9849995
686,1.0,0.8678744,0.000652011,0.81430465,0.60008,0.99333817
687,0.9166667,0.82943505,0.0026410178,0.7373871,0.40012,0.98794055
688,0.9166667,0.85028183,0.001946017,0.6060807,0.40012,0.9599941
689,0.8333333,0.8720356,0.00061537157,0.7063899,0.40012,0.9999162
690,0.8333333,0.86218524,0.0007605036,0.6286093,0.60008,0.96213806
691,0.75,0.6594686,0.10804356,0.81430465,0.20015997,0.9779253
692,0.9166667,0.84553224,0.0022830772,0.7063899,0.60008,0.9896214
693,0.8333333,0.7798684,0.019570958,0.7063899,0.60008,0.96288913
694,0.8333333,0.83610326,0.004451932,0.6286093,0.60008,0.95979124
695,0.75,0.7587525,0.046381243,0.7063899,0.60008,0.9644866
696,0.8333333,0.6727129,0.15967107,0.0,0.80004,0.8965514
697,0.0,0.49474555,0.273046,0.8686936,0.40012,0.9832078
698,1.0,0.8654558,0.00032439033,0.7373871,0.40012,0.9814344
699,0.9166667,0.869322,0.00062868505,0.7063899,0.20015997,0.9569329
700,0.8333333,0.51421756,0.25560316,0.7373871,0.60008,0.9702076
701,0.9166667,0.8665783,0.00042288515,0.5847726,0.20015997,0.97079706
702,0.75,0.8611738,0.0004448427,0.6060807,0.60008,0.99225736
703,0.8333333,0.872213,0.000518189,0.8686936,0.60008,0.9854786
704,1.0,0.8395797,0.0032350942,0.8686936,0.60008,0.9873171
705,1.0,0.8067674,0.023493756,0.7373871,0.60008,0.9826379
706,0.9166667,0.868137,0.00083020487,0.81430465,1.0,0.98181546
707,0.9166667,0.8094235,0.03591164,0.0,0.80004,0.70709664
708,0.0,0.6461395,0.3441145,0.0,0.80004,0.88082874
709,0.0,0.51845956,0.28227642,0.41277978,0.00019996,0.9400942
710,0.5833334,0.8804353,0.00016571565,0.7063899,0.00019996,0.9792616
711,0.8333333,0.8253536,0.0041054264,0.6286093,0.00019996,0.9580799
712,0.75,0.8215796,0.0040465533,0.5847726,0.20015997,0.9617142
713,0.75,0.8205279,0.0110263,0.7373871,0.20015997,0.983606
714,0.9166667,0.76265043,0.026775246,0.7063899,0.40012,0.9929765
715,0.8333333,0.764605,0.046395924,0.6060807,0.40012,0.9610955
716,0.8333333,0.8774852,0.00053682283,0.8686936,0.40012,0.9930966
717,1.0,0.7878168,0.034660228,0.8686936,0.40012,0.99059194
718,1.0,0.856559,0.0005838244,0.8686936,0.60008,0.9902074
719,1.0,0.82282704,0.0035749523,0.81430465,0.20015997,0.99775934
720,0.9166667,0.8355376,0.002515571,0.0,0.60008,0.20004368
721,0.0,0.60184574,0.1954958,0.0,0.00019996,0.8855086
722,0.0,0.662407,0.17995714,0.2343585,0.00019996,0.913397
723,0.4166667,0.8804557,0.00038380636,0.2343585,0.00019996,0.9171891
724,0.4166667,0.8722651,0.00084635534,0.41277978,0.00019996,0.92825466
725,0.5833334,0.7172472,0.059269067,0.44291398,0.20015997,0.93906116
726,0.5833334,0.8743504,0.000741824,0.52656794,0.40012,0.95769787
727,0.6666666,0.77993536,0.015923359,0.6286093,0.60008,0.95947933
728,0.75,0.7421216,0.123797685,0.5847726,0.20015997,0.95717204
729,0.75,0.78414345,0.017659873,0.52656794,0.60008,0.9563677
730,0.6666666,0.61333305,0.21875788,0.7063899,0.60008,0.974346
731,0.8333333,0.68065333,0.3210408,0.6060807,0.60008,0.97851783
732,0.8333333,0.85969424,0.00094058394,0.5847726,0.80004,0.96870404
733,0.75,0.7821603,0.025422227,0.6286093,0.80004,0.9858592
734,0.75,0.80676234,0.02226073,0.81430465,1.0,0.98390275
735,0.9166667,0.84645724,0.0011695805,0.0,1.0,0.91802305
736,0.0,0.61686814,0.39673936,0.0,1.0,0.8897733
737,0.0,0.54324746,0.2611338,0.8686936,0.00019996,0.98624015
738,1.0,0.80902576,0.030653028,0.8686936,0.00019996,0.9865249
739,1.0,0.8190847,0.018499719,0.7063899,0.60008,0.9696516
740,0.8333333,0.8049578,0.011738059,0.7063899,0.80004,0.9591433
741,0.8333333,0.747189,0.03141074,0.8686936,0.80004,0.9959931
742,1.0,0.80461836,0.011424444,0.8686936,1.0,0.9982769
743,1.0,0.83326405,0.002194611,0.8686936,0.40012,0.9974992
744,1.0,0.721405,0.06855608,0.81430465,1.0,0.9974967
745,0.9166667,0.83487695,0.0023243672,0.7063899,1.0,0.9681337
746,0.8333333,0.6830453,0.30760032,0.6060807,0.40012,0.9634938
747,0.8333333,0.8723482,0.00066923874,0.5847726,0.60008,0.9695106
748,0.75,0.81222165,0.01405127,0.5847726,0.80004,0.9587001
749,0.75,0.7177379,0.058372732,0.81430465,0.80004,0.97940475
750,0.9166667,0.7890146,0.014980574,0.81430465,0.80004,0.9863892
751,0.9166667,0.8150619,0.01011702,0.8686936,1.0,0.98675746
752,1.0,0.81633174,0.0072079743,0.8686936,1.0,0.982616
753,1.0,0.8506985,0.0016227725,0.8686936,0.60008,0.99432915
754,1.0,0.83605045,0.0038044648,0.81430465,0.40012,0.9967029
755,0.9166667,0.8888204,0.00045178898,0.0,0.40012,0.3989461
756,0.0,0.504959,0.3882929,0.0,0.20015997,0.87643313
757,0.0,0.54097766,0.40716803,0.0,0.40012,0.89247644
758,0.0,0.45361155,0.42904124,0.0,0.20015997,0.89512986
759,0.0,0.49948266,0.40940353,0.34346783,0.00019996,0.9384322
760,0.5,0.43882766,0.38779742,0.0,0.40012,-0.10693562
761,1.0,0.8520803,0.000842483,0.81430465,0.40012,0.9931267
762,0.9166667,0.8785786,0.00068343454,0.0,0.60008,0.91652745
763,0.0,0.060115986,0.51016104,0.52656794,0.60008,0.9275162
764,0.6666666,0.85424143,0.0037244929,0.7063899,0.60008,0.9760413
765,0.8333333,0.89081645,0.000211363,0.6060807,0.80004,0.9569958
766,0.8333333,0.85916066,0.0005076665,0.5847726,0.60008,0.94356614
767,0.75,0.83330286,0.017094722,0.6286093,0.60008,0.9548465
768,0.75,0.8727741,0.0026964939,0.6060807,0.80004,0.95810807
769,0.8333333,0.8586803,0.0005778133,0.5847726,0.40012,0.9475998
770,0.75,0.8578612,0.0013380728,0.8686936,0.60008,0.9808631
771,1.0,0.7089871,0.169205,0.81430465,0.80004,0.9791076
772,0.9166667,0.8580247,0.005803941,0.8686936,0.80004,0.9920904
773,1.0,0.8760131,0.00050896953,0.8686936,0.60008,0.97527903
774,1.0,0.76244915,0.07610781,0.7373871,0.60008,0.97666365
775,0.9166667,0.70273954,0.19227517,0.7063899,0.60008,0.9761617
776,0.8333333,0.5982547,0.17412123,0.8686936,0.40012,0.9845506
777,1.0,0.79966366,0.008311157,0.7063899,0.60008,0.9806371
778,0.8333333,0.8261221,0.0060322275,0.81430465,0.80004,0.9954376
779,0.9166667,0.7515501,0.047301367,0.7373871,0.20015997,0.9750876
780,0.9166667,0.780101,0.051186204,0.81430465,0.80004,0.989403
781,0.9166667,0.8354111,0.015263051,0.81430465,1.0,0.99206114
782,0.9166667,0.8200924,0.033206075,0.7373871,1.0,0.9647469
783,0.9166667,0.8755227,0.00025614412,0.81430465,0.60008,0.969255
784,0.9166667,0.83986807,0.01453391,0.8686936,0.40012,0.9682346
785,1.0,0.8761148,0.0006933539,0.8686936,0.40012,0.97785467
786,1.0,0.83122426,0.008048728,0.8686936,0.40012,0.9890518
787,1.0,0.84507376,0.0033205668,0.8686936,0.60008,0.9932413
788,1.0,0.87272763,0.00027004443,0.8686936,0.00019996,0.9965812
789,1.0,0.7837397,0.03805081,0.7373871,0.40012,0.9601089
790,0.9166667,0.8506657,0.0048684133,0.0,0.60008,0.35478586
791,0.0,0.15949245,0.4782504,0.0,0.60008,0.8962146
792,0.0,0.77683437,0.057657667,0.0,0.40012,0.8993498
793,0.0,0.5668539,0.41527945,0.5847726,0.40012,0.9524474
794,0.75,0.8207028,0.0038063957,0.8686936,0.80004,0.9849414
795,1.0,0.74171937,0.037234053,0.8686936,0.60008,0.990139
796,1.0,0.8462096,0.0011713334,0.7373871,0.00019996,0.98309934
797,0.9166667,0.8815588,0.00028018057,0.8686936,0.20015997,0.9991272
798,1.0,0.8401864,0.0037655004,0.8686936,0.60008,0.9907983
799,1.0,0.80090487,0.016041245,0.8686936,0.60008,0.9903314
800,1.0,0.85150766,0.00084420823,0.7063899,0.60008,0.97125113
801,0.8333333,0.8052499,0.038851146,0.7063899,0.40012,0.9611222
802,0.8333333,0.87003255,0.0012795939,0.7373871,0.60008,0.97400403
803,0.9166667,0.86283076,0.00269795,0.81430465,0.60008,0.9845567
804,0.9166667,0.8664659,0.0008743348,0.0,1.0,0.8989278
805,0.0,0.7027167,0.1643454,0.0,0.40012,0.876154
806,0.0,0.6149664,0.28655413,0.8686936,0.60008,0.9845819
807,1.0,0.8305875,0.0027211546,0.8686936,0.60008,0.9908472
808,1.0,0.8423546,0.002077844,0.81430465,0.80004,0.9891196
809,0.9166667,0.80440295,0.013040177,0.0,0.80004,0.27486205
810,0.0,0.6406424,0.34677005,0.0,1.0,0.8874263
811,0.0,0.57924086,0.18928428,0.0,0.80004,0.89805615
812,0.0,0.607826,0.38608158,0.0,1.0,0.8948142
813,0.0,0.60280156,0.4128836,0.0,1.0,0.8915194
814,0.0,0.62935907,0.13718279,0.0,0.80004,0.8921213
815,0.0,0.607826,0.38608158,0.0,0.80004,0.895142
816,0.0,0.64006513,0.2018172,0.6060807,0.00019996,0.95212746
817,0.8333333,0.87311226,0.0003016339,0.8686936,0.00019996,0.9846144
818,1.0,0.82184976,0.0068021417,0.0,0.20015997,0.90432
819,0.0,0.5609189,0.26993904,0.7373871,0.40012,0.9720234
820,0.9166667,0.7817057,0.03106003,0.8686936,0.80004,0.9981209
821,1.0,0.8769182,0.000516233,0.0,0.80004,0.9274218
822,0.0,0.4694163,0.31469044,0.0,0.60008,0.889961
823,0.0,0.598587,0.4125168,0.7063899,0.40012,0.96586716
824,0.8333333,0.85123324,0.002681838,0.81430465,0.40012,0.9755707
825,0.9166667,0.86620724,0.0008004789,0.0,0.40012,0.89780277
826,0.0,0.4952174,0.29327765,0.0,0.60008,0.88004875
827,0.0,0.35746703,0.37988263,0.0,0.20015997,0.89538354
828,0.0,0.72682464,0.045283962,0.0,0.20015997,0.8967578
829,0.0,0.3812891,0.4215893,0.44291398,0.20015997,0.94482243
830,0.5833334,0.7940002,0.01627001,0.7063899,0.60008,0.98159796
831,0.8333333,0.7607125,0.10768878,0.6060807,0.60008,0.9594652
832,0.8333333,0.8571914,0.000961888,0.7373871,0.60008,0.9791766
833,0.9166667,0.8421884,0.0022094792,0.0,0.80004,0.29128927
834,0.6666666,0.7725791,0.14514881,0.52656794,0.20015997,0.9505986
835,0.6666666,0.85100955,0.004963509,0.52656794,0.20015997,0.96082956
836,0.6666666,0.87742394,0.0005671286,0.5847726,0.60008,0.95103526
837,0.75,0.8333847,0.0065290993,0.7373871,0.60008,0.97275513
838,0.9166667,0.86491203,0.00031853805,0.7063899,0.40012,0.9668853
839,0.8333333,0.818934,0.005233795,0.8686936,0.60008,0.97130865
840,1.0,0.72174466,0.16024128,0.81430465,0.60008,0.9828795
841,0.9166667,0.88298494,0.0007690549,0.0,0.80004,0.9041556
842,0.0,0.59032893,0.19456905,0.8686936,0.40012,0.960292
843,1.0,0.7512662,0.10886192,0.0,0.60008,0.9067562
844,0.0,0.43442446,0.38958588,0.7373871,0.00019996,0.96604866
845,0.9166667,0.87093484,0.000473917,0.0,0.40012,0.20240259
846,0.4166667,0.8619711,0.00064780685,0.33046594,0.40012,0.9259155
847,0.5833334,0.83452785,0.018102782,0.52656794,0.40012,0.94449955
848,0.6666666,0.83677095,0.005102964,0.81430465,0.60008,0.97921896
849,0.9166667,0.84344935,0.0043809684,0.7063899,0.80004,0.9652747
850,0.8333333,0.8594986,0.0027034197,0.0,1.0,0.89382195
851,0.0,0.5139145,0.31510413,0.6060807,1.0,0.9411562
852,0.8333333,0.8538666,0.0045480425,0.81430465,1.0,0.99288684
853,0.9166667,0.8385474,0.015650617,0.7373871,1.0,0.97492063
854,0.9166667,0.85565543,0.0006515379,0.5847726,0.40012,0.9453888
855,0.75,0.87301636,0.0019010305,0.6060807,0.40012,0.94993216
856,0.8333333,0.85142875,0.006484861,0.8686936,0.40012,0.98560864
857,1.0,0.72024393,0.20287727,0.8686936,0.40012,0.9850161
858,1.0,0.8030634,0.007609991,0.8686936,0.80004,0.9879753
859,1.0,0.85065943,0.0010491952,0.8686936,0.60008,0.99909806
860,1.0,0.8520319,0.00079558726,0.81430465,0.20015997,0.9762425
861,0.9166667,0.86507934,0.00045366347,0.81430465,0.40012,0.96592623
862,0.9166667,0.85135716,0.0013638588,0.0,0.40012,0.8988647
863,0.0,0.22379032,0.4502682,0.7063899,0.20015997,0.9573181
864,0.8333333,0.6169528,0.4074407,0.6060807,0.40012,0.9611865
865,0.8333333,0.6770117,0.10890617,0.0,0.60008,0.91217554
866,0.0,0.091656275,0.50244033,0.0,0.80004,0.8919814
867,0.0,0.20970017,0.4582207,0.0,0.40012,0.8998042
868,0.0,0.31266257,0.40483823,0.0,0.60008,0.8933146
869,0.0,0.099730425,0.5017038,0.0,0.60008,0.89607114
870,0.0,0.24709931,0.45674917,0.33046594,0.20015997,0.9271887
871,0.5833334,0.79350346,0.031446222,0.0,0.60008,0.90957093
872,0.0,0.66349405,0.41047117,0.0,0.60008,0.88623464
873,0.0,0.68883824,0.40288132,0.0,0.20015997,0.9099041
874,0.0,0.40278715,0.34895727,0.4586097,0.40012,0.95171416
875,0.6666666,0.8685754,0.0012140431,0.41277978,0.60008,0.9440206
876,0.5833334,0.8647216,0.0008705897,0.52656794,0.80004,0.9495761
877,0.6666666,0.8545072,0.0026953742,0.52656794,0.80004,0.9511335
878,0.6666666,0.8815149,0.00050592434,0.7373871,0.80004,0.9675144
879,0.9166667,0.84949124,0.0010527965,0.5847726,0.60008,0.9490087
880,0.75,0.8202121,0.0104816,0.81430465,0.80004,0.9743778
881,0.9166667,0.8541113,0.002123416,0.8686936,1.0,0.99128485
882,1.0,0.8187915,0.014144929,0.8686936,1.0,0.98642427
883,1.0,0.8162447,0.014379843,0.8686936,1.0,0.9917637
884,1.0,0.8321155,0.0024755616,0.8686936,0.60008,0.9982195
885,1.0,0.82387346,0.0064115496,0.7063899,0.60008,0.988973
886,0.8333333,0.85153985,0.007661585,0.7373871,0.60008,0.98733234
887,0.9166667,0.85339016,0.006037851,0.7063899,0.60008,0.97509784
888,0.8333333,0.8678067,0.0020556306,0.8686936,0.60008,0.98864114
889,1.0,0.8283909,0.011194142,0.81430465,0.60008,0.99055177
890,0.9166667,0.8195229,0.02827415,0.8686936,0.80004,0.9879473
891,1.0,0.8076827,0.018774783,0.0,0.80004,0.8939773
892,0.0,0.7557716,0.04576595,0.7373871,0.80004,0.97025496
893,0.9166667,0.8648516,0.0023597796,0.7063899,0.80004,0.9736342
894,0.8333333,0.8838985,0.000628141,0.8686936,0.80004,0.9871392
895,1.0,0.86196953,0.00040530995,0.81430465,0.40012,0.9833165
